lion_parcel_id;region_id
2406;1
5388;4
5384;6
5418;7
69078;9
5371;10
69093;11
69103;12
5382;13
5390;14
5403;15
5394;16
5503;17
5404;18
5373;19
5439;20
5365;21
73708;22
73855;23
73988;24
74020;25
74034;26
55562;27
55544;28
55573;29
55568;30
55602;31
55672;32
55563;33
56249;34
56157;35
56071;36
56083;37
56065;38
56093;39
56045;40
32083;41
56551;42
56572;43
56564;44
50328;45
5392;46
5407;47
5366;48
5415;49
5381;50
5378;51
5547;52
5367;53
24096;54
24147;55
24054;56
24041;57
24036;58
24043;59
24040;60
24046;61
24056;62
24050;63
24037;64
24131;65
24033;66
24066;67
24031;68
24128;69
24090;70
24039;71
24063;72
24070;73
24083;74
24159;75
24332;76
24049;77
24086;78
24172;79
24108;80
24228;81
24042;82
73770;83
73780;84
73795;85
55557;86
55561;87
55619;88
56059;89
56066;90
56077;91
56544;92
56562;93
56862;94
2567;95
2564;96
2549;97
2568;98
2541;99
2676;100
2915;101
2590;102
2565;103
2521;104
2561;105
2539;106
2550;107
2543;108
73615;109
73636;110
73663;111
73690;112
73721;113
73881;114
73960;115
74063;116
55567;117
55582;118
55571;119
56129;120
56089;121
56046;122
56204;123
2514;124
73754;125
73828;126
73904;127
73949;128
2469;129
55658;130
55723;131
55551;132
2458;133
55548;134
56044;135
56063;136
2461;137
56047;138
56068;139
56056;140
56051;141
56049;142
2470;143
2432;144
56571;145
56595;146
56548;147
2427;149
2820;150
2473;151
2447;152
74085;153
2429;154
2496;155
2448;156
3314;157
2411;158
2451;159
2628;160
3082;161
2439;162
56048;163
56162;164
2435;165
2440;166
2696;167
2412;168
2431;169
56547;170
56552;171
56545;172
2462;173
56550;174
56546;175
65131;176
65135;177
28463;178
65189;179
65223;180
28455;181
65257;182
65341;183
65357;184
65361;185
65368;186
65374;187
28531;188
65439;189
28509;190
65455;191
30399;192
30373;193
30409;194
30376;195
30388;196
30372;197
30374;198
30439;199
30414;200
30381;201
30384;202
30377;203
30378;204
30386;205
30453;206
30408;207
238;208
6029;209
73596;210
27571;211
6020;212
6030;213
687;239
673;240
677;241
732;242
688;243
674;244
665;245
671;246
807;247
691;248
667;249
702;250
683;251
693;252
666;253
692;254
676;255
670;256
664;257
7693;258
7880;259
7766;260
7808;261
7692;262
7761;263
6154;264
6238;265
6169;266
6316;267
6339;268
6216;269
6308;270
6135;271
31311;288
19008;307
19009;308
19015;309
19040;310
19014;311
19011;312
19089;313
19118;314
19067;315
19049;316
19064;317
19012;318
19167;319
19051;320
19062;321
19018;322
19066;323
19047;324
19026;325
19083;326
19258;327
19028;328
19106;329
19033;330
19017;331
19082;332
19072;333
19007;334
19034;335
19030;336
19133;337
20186;341
19022;368
19086;369
19101;370
19025;371
19145;372
19037;373
19019;374
19138;375
19046;376
19071;377
19032;378
19056;379
19084;380
19029;381
19031;382
19048;383
69557;384
69612;385
69623;386
69546;387
69555;388
69745;389
69765;390
69787;391
69701;392
69713;393
69723;394
69724;396
26564;397
69640;398
69650;399
69664;400
69582;401
69593;402
69559;403
69674;404
69519;405
69529;406
49303;407
49280;408
49261;409
49291;410
49292;411
49287;412
49283;413
49267;414
49265;415
49263;416
49274;417
49264;418
49268;419
49262;420
49266;421
49285;422
49278;423
49260;424
49308;425
8244;426
8233;427
8228;428
8224;429
8230;430
8312;431
8248;432
8319;433
8234;434
8227;435
8226;436
8231;437
8237;438
8236;439
8225;440
8277;441
8333;442
8254;443
8252;444
8247;445
8267;446
8273;447
8243;448
8251;449
8249;450
8238;451
8266;452
8317;453
56979;456
24824;458
13951;459
24827;461
13883;462
56952;463
57010;466
24825;467
56956;470
24821;471
7750;472
7688;473
7695;474
7721;475
6146;476
6192;477
6200;478
6219;479
6282;480
6129;481
6365;482
6187;483
6393;484
6136;485
6306;486
6141;487
6166;488
6243;489
6366;490
6130;491
6139;492
6251;493
6821;494
13307;495
58514;496
13317;497
58413;498
6503;499
6745;500
6252;501
6502;502
6778;503
6315;504
11640;509
11587;510
11616;511
11624;512
11601;513
11581;514
11650;516
11883;517
11596;518
11678;519
11679;520
11610;521
11849;522
12087;523
11569;524
11627;525
11691;526
11955;527
11622;528
10564;529
10194;530
10103;531
10050;532
10105;533
10197;534
10072;535
10201;536
15132;537
14352;539
14539;540
14629;541
14482;542
14337;543
14550;544
14674;545
14502;546
15494;547
14377;548
15249;549
14567;550
14302;551
14336;552
15317;553
32178;554
32186;555
32310;556
32396;557
32356;558
32262;559
32336;560
32172;561
32191;562
32589;563
32225;564
32337;565
32478;566
32520;567
32185;568
32427;569
32169;570
32222;571
32248;572
11578;573
11696;574
12209;575
11669;576
11801;577
11574;578
12053;579
11573;581
11668;582
11661;583
53698;584
11693;585
12150;586
11635;587
11915;588
11642;593
12137;595
11644;596
53710;597
53722;598
11663;599
60350;600
60328;607
60335;609
60321;613
60323;617
60344;622
6362;624
6171;625
6159;626
73318;627
73323;628
73334;629
73347;630
6226;631
73402;632
73411;633
73418;634
73428;635
73459;636
73478;637
73489;638
73503;639
73560;640
26576;641
26575;642
26572;643
64531;644
26692;645
26569;646
64508;647
64686;648
64526;649
64738;650
64633;651
64969;652
64604;653
65015;654
65026;655
65047;656
64770;657
64781;658
64896;659
64909;660
64959;661
26606;662
26587;663
26584;664
26580;665
61003;666
61339;667
61514;668
61553;669
61281;670
61758;671
61287;672
72635;676
32004;678
32000;679
7671;681
21533;685
21537;688
21538;689
21531;692
21534;693
21530;694
21535;696
21544;699
71151;700
71170;701
71517;702
71524;703
71556;704
71609;705
71639;706
71743;707
1545;708
1419;709
1410;710
52379;711
52344;712
23460;713
23365;714
52380;715
23363;716
23358;717
72537;719
72538;720
72532;722
72564;724
52868;726
21176;727
21185;728
21178;729
53125;738
21174;739
21177;741
21226;742
21173;743
21221;744
21220;745
21184;747
53369;748
52880;749
52902;750
53086;751
52862;752
53079;753
53104;754
53093;755
53082;756
52988;757
53100;758
52909;759
8856;760
43254;761
43251;762
60714;763
60732;765
60737;766
62529;767
60690;768
43252;769
60724;770
60728;771
47688;772
9111;773
47792;774
47667;775
47685;776
47757;777
47671;778
47654;779
47707;780
47756;781
47753;782
47694;783
47708;784
47675;785
47755;786
47761;787
47649;788
47758;789
47653;790
47662;791
47678;792
47695;793
47659;794
47657;795
2591;796
2655;797
2585;798
2423;799
2516;800
2574;801
2540;802
2831;803
2622;804
2621;805
28782;806
28672;807
28692;808
28665;809
28734;810
28815;811
29020;812
28744;813
1975;814
36456;815
36671;816
36622;817
36673;818
36532;819
36557;820
36464;821
36480;822
36544;823
36891;824
36612;825
37432;826
36754;827
36609;828
36446;829
36546;830
420;840
306;841
277;842
255;843
305;844
314;845
267;846
256;847
244;848
259;849
268;850
31299;851
31385;852
31325;853
31315;854
31314;855
31296;856
31284;857
31343;858
31326;859
31304;860
352;861
52010;862
345;863
284;864
248;865
416;866
28708;867
52085;868
51999;869
263;870
275;871
250;872
52021;873
52027;874
460;875
446;876
52006;877
26774;878
26780;879
26785;880
26777;882
26807;883
26822;884
26778;885
26788;886
26790;887
26789;888
26804;890
51155;891
51161;892
51137;893
51151;894
51125;895
51145;896
51239;897
51133;898
51188;899
51166;900
51148;901
51413;902
51173;903
51143;904
51123;905
51147;906
51131;907
51172;908
51124;909
72745;910
546;911
72751;912
72645;913
72653;914
573;915
72688;916
72700;917
72710;918
543;919
72659;920
72722;921
72728;922
72664;923
72670;924
72675;925
72771;926
547;927
43962;938
14223;939
14226;940
53696;941
44008;942
14222;943
61792;944
14221;945
14220;946
2487;948
2410;949
2413;950
2483;951
2409;952
2722;953
2607;954
2578;955
2449;956
2465;957
2453;958
2605;959
2456;960
2752;961
2457;962
2430;963
2485;964
31984;967
31983;968
23673;970
21410;973
21417;974
21425;975
62792;976
21415;978
21422;980
21506;981
21412;982
21409;986
21411;990
21454;991
21426;993
21428;994
21440;997
41121;998
41117;999
41197;1000
41133;1001
41169;1002
41143;1003
41122;1004
41144;1005
41125;1006
41332;1007
41126;1008
41140;1009
41175;1010
41187;1011
41167;1012
41116;1013
54597;1014
2346;1015
54583;1016
54565;1017
43259;1018
54558;1019
54598;1020
26215;1021
26217;1022
24495;1023
53703;1024
24488;1025
24482;1026
26228;1027
24496;1028
59488;1029
59497;1030
59469;1031
53724;1032
24499;1033
59478;1034
26216;1035
26250;1036
24481;1037
53726;1038
26223;1039
59512;1040
53705;1041
24480;1042
53711;1043
59404;1044
59415;1045
24526;1046
59423;1047
59394;1048
26219;1049
26231;1050
24485;1051
26230;1052
59433;1053
59444;1054
26222;1055
26249;1056
24557;1057
53699;1058
59454;1059
59463;1060
20649;1068
20674;1070
20659;1072
20710;1073
20642;1075
20656;1077
20661;1078
20639;1079
20644;1080
20646;1081
20706;1082
20669;1083
20648;1084
20647;1085
20651;1086
20692;1087
20654;1088
20638;1089
20640;1092
20641;1093
20652;1094
49519;1095
49493;1096
49475;1097
49582;1098
49614;1099
49646;1100
49553;1101
49477;1102
49619;1103
49505;1104
49469;1105
49530;1106
49660;1107
49643;1108
49484;1109
49491;1110
49652;1111
49470;1112
49607;1113
49503;1114
49567;1115
49486;1116
49494;1117
49482;1118
49611;1119
49502;1120
49547;1121
49527;1122
49517;1123
49500;1124
49479;1125
44931;1126
44563;1127
44580;1128
44613;1129
44566;1130
44611;1131
44577;1132
44581;1134
44638;1135
44573;1136
44558;1137
44499;1138
44758;1139
44702;1140
44567;1141
44631;1142
44655;1143
44529;1144
44609;1145
44627;1146
44905;1147
19479;1148
19474;1149
19491;1150
19475;1151
19497;1152
19500;1153
19512;1154
19487;1155
19505;1156
19472;1157
19476;1158
14153;1159
19521;1160
19551;1161
19616;1162
19509;1163
19535;1164
19496;1165
19542;1166
19480;1167
19492;1168
19484;1169
19470;1170
10005;1171
9988;1172
9976;1173
10020;1174
10136;1175
10075;1176
9987;1177
9982;1178
10370;1179
10024;1180
9983;1181
10086;1182
10726;1183
10098;1184
10114;1185
10045;1186
10123;1187
10180;1188
10133;1189
9989;1190
10173;1191
10334;1192
10052;1193
10118;1194
9991;1195
10044;1196
10380;1197
43265;1198
43258;1199
43262;1200
2319;1201
2301;1202
2325;1203
2342;1204
2305;1205
43280;1206
2333;1207
2308;1208
43261;1209
2310;1210
2311;1211
2300;1212
43293;1213
2332;1214
2307;1215
9913;1216
166;1217
9910;1218
50526;1219
50530;1220
50491;1221
50660;1222
50564;1223
50545;1224
50522;1225
50593;1226
50843;1227
50632;1228
50517;1229
50704;1230
50516;1231
50571;1232
50521;1233
50754;1234
50510;1235
50495;1236
50692;1237
50659;1238
25022;1239
24989;1240
25012;1241
25004;1242
24998;1243
25119;1244
25013;1245
25033;1246
24992;1247
157;1248
25121;1249
25140;1250
25043;1251
24991;1252
25046;1253
25352;1254
25048;1255
25014;1256
25011;1257
26906;1258
26907;1259
26911;1260
26908;1261
26904;1262
26924;1263
26937;1264
26917;1265
27014;1266
26905;1267
26951;1268
26910;1269
26918;1270
26936;1271
27024;1272
26973;1273
26971;1274
16683;1275
16685;1276
16720;1277
24946;1278
24949;1280
24947;1281
24955;1285
57146;1287
57037;1288
57050;1289
60689;1290
57126;1291
57082;1292
57100;1293
57067;1294
57027;1296
43441;1297
43469;1299
43427;1300
43485;1301
43445;1302
43478;1303
43432;1304
43429;1305
71021;1307
71027;1308
72075;1309
71031;1310
71210;1311
71328;1312
71338;1313
71460;1314
71647;1315
71697;1316
71721;1317
71736;1318
71784;1319
71835;1320
72322;1321
72084;1322
72091;1323
35607;1324
35584;1325
35573;1326
35601;1327
35615;1328
35564;1329
35624;1330
35657;1331
35565;1332
35582;1333
35519;1334
27212;1335
27252;1336
27241;1337
27653;1338
27307;1339
27250;1340
27363;1341
27304;1342
27246;1343
27314;1344
27284;1345
27296;1346
27214;1347
27295;1348
27255;1349
27253;1350
26752;1351
9284;1352
9274;1353
9266;1354
9277;1355
9310;1356
9324;1357
9293;1358
9211;1359
9199;1360
9348;1361
9288;1362
9249;1363
9253;1364
9281;1365
9287;1366
9375;1367
9254;1368
9404;1369
9259;1370
9322;1371
9307;1372
9265;1373
9271;1374
9319;1375
9297;1376
9422;1377
58107;1378
13313;1379
13320;1380
58228;1381
13353;1382
13323;1383
13365;1384
58318;1385
58184;1386
58157;1387
58151;1388
58470;1389
58504;1390
58460;1391
58385;1392
58574;1393
58614;1394
58622;1395
58404;1396
58417;1397
58428;1398
58679;1399
13324;1400
58716;1401
58659;1402
58698;1403
59826;1404
59764;1405
59878;1406
59900;1407
14234;1409
59848;1410
59786;1411
59686;1412
59706;1413
59712;1414
14236;1415
59746;1417
14229;1419
59910;1420
59926;1421
59532;1423
14230;1424
59556;1425
59578;1427
59626;1428
59788;1429
14228;1430
59606;1431
59644;1433
59662;1434
14231;1435
11568;1436
11659;1437
11580;1438
11810;1439
11875;1440
11953;1441
11657;1442
11790;1443
11702;1444
11753;1445
11740;1446
12390;1447
11608;1448
11609;1449
11631;1450
11750;1451
11603;1452
11686;1453
11926;1454
53709;1455
11751;1456
11739;1457
11967;1458
11566;1459
33479;1460
52421;1461
52474;1462
52425;1463
52490;1464
52487;1465
52538;1466
52514;1467
19060;1468
19021;1469
19059;1470
20182;1471
20207;1474
20220;1475
20194;1476
20244;1477
20198;1478
20273;1479
20205;1480
20245;1481
53725;1482
20179;1483
20196;1484
20313;1485
20225;1486
20347;1487
53716;1488
20345;1489
20201;1490
20183;1491
20181;1492
20200;1493
20191;1494
20316;1495
20199;1496
20187;1497
20309;1498
20240;1499
20230;1500
20214;1501
20384;1502
20195;1503
20378;1504
20217;1505
20236;1506
20234;1507
20188;1508
20180;1509
20381;1510
15829;1516
15832;1517
15850;1518
15828;1519
15820;1520
15830;1521
15797;1522
15903;1523
15816;1524
16062;1525
15815;1526
16031;1527
15864;1528
15876;1529
15836;1530
46133;1531
46024;1532
45450;1533
45499;1534
45504;1535
21685;1558
21674;1560
21672;1562
21676;1564
21691;1565
21670;1566
21673;1567
21677;1568
21671;1570
52889;1576
52914;1577
52984;1578
53018;1579
52990;1580
52911;1581
53071;1582
53383;1583
52888;1584
52857;1585
52979;1586
28404;1587
28406;1588
28396;1589
28462;1590
28411;1591
28436;1592
28409;1593
28441;1594
28472;1595
28544;1596
28451;1597
45569;1598
45607;1599
45571;1600
45570;1601
45701;1602
45423;1603
45428;1604
45432;1605
45474;1606
45982;1607
539;1608
538;1609
553;1610
568;1611
541;1612
557;1613
544;1614
542;1615
35689;1616
35687;1617
35597;1618
35558;1619
35717;1620
35733;1622
35555;1623
35596;1624
35522;1625
35520;1626
35566;1627
35549;1628
35552;1629
35569;1630
35544;1631
34128;1639
34181;1640
34109;1641
34136;1642
34104;1643
34478;1644
34137;1645
34270;1646
34125;1647
34106;1648
42801;1649
641;1650
654;1651
26567;1654
26566;1655
42837;1656
42816;1657
42799;1658
42797;1659
42796;1660
636;1661
637;1662
645;1663
42798;1664
42791;1665
42792;1666
659;1667
42893;1668
639;1669
61309;1670
61317;1671
61020;1672
61336;1673
61407;1674
61427;1675
61062;1676
61069;1677
64354;1678
61123;1679
61522;1680
61499;1681
43020;1682
43046;1683
43036;1684
43030;1685
43031;1686
43016;1687
43015;1688
43018;1689
43014;1690
48900;1691
48927;1692
48912;1693
48917;1694
48908;1695
48913;1696
48920;1697
48943;1698
48899;1699
48907;1701
48903;1702
48926;1703
48980;1704
48901;1705
48898;1706
48905;1707
48916;1708
48914;1709
58111;1710
13305;1711
13309;1712
13347;1713
58344;1714
58357;1715
58287;1716
13333;1717
13336;1718
13316;1719
58740;1720
58262;1721
58448;1722
13371;1723
58212;1724
58136;1725
13306;1726
13379;1727
13363;1728
13380;1729
13329;1730
13429;1731
13328;1732
13424;1733
13314;1734
58542;1735
58372;1736
58399;1737
58569;1738
13304;1739
13315;1740
13818;1741
13385;1742
13348;1743
58253;1744
13346;1745
13386;1746
13553;1747
58691;1748
13374;1749
13340;1750
13394;1751
2422;1752
2418;1753
2420;1754
2589;1755
2670;1756
2419;1757
3222;1758
3371;1759
2517;1760
2679;1761
7752;1763
7691;1764
7785;1765
7736;1766
7935;1767
7879;1768
7876;1769
54588;1770
2306;1771
43268;1772
43264;1773
43266;1774
54567;1775
54576;1776
54553;1777
23983;1778
23990;1779
8193;1780
54560;1781
54704;1782
23986;1783
23993;1784
23985;1785
23955;1786
8195;1787
54589;1788
54648;1798
54590;1799
43263;1800
54595;1801
54552;1802
43301;1803
43337;1804
43283;1805
43278;1806
43290;1807
54614;1808
10184;1809
10266;1810
10140;1811
10125;1812
10264;1813
10164;1814
10097;1815
10278;1816
10174;1817
10161;1818
10249;1819
10129;1820
10162;1821
10298;1822
10111;1823
10211;1824
10064;1825
10253;1826
16302;1827
16303;1828
16298;1829
16306;1831
16300;1833
16313;1836
16319;1838
53034;1839
43120;1840
16299;1841
43124;1842
16314;1843
16376;1844
41375;1845
41153;1846
41119;1847
41118;1848
41335;1849
41164;1850
41243;1851
41268;1852
41397;1853
41124;1854
41141;1855
41202;1856
41373;1857
41239;1858
41208;1859
41341;1860
41240;1861
41139;1862
41262;1863
14679;1864
14322;1865
14388;1866
14385;1867
14875;1868
14624;1869
14618;1870
14386;1871
14326;1872
14383;1873
14615;1874
14424;1875
14736;1876
14489;1877
14396;1878
14341;1879
14625;1880
14318;1881
30662;1882
30553;1883
30625;1884
30536;1885
30697;1886
30586;1887
30580;1888
30564;1889
30624;1890
30551;1891
30692;1892
30548;1893
45135;1900
45131;1901
45151;1902
45130;1903
45136;1904
2298;1905
45159;1906
45133;1907
26901;1908
48475;1909
48461;1910
26900;1911
26899;1912
48515;1913
48426;1914
48421;1915
48417;1916
48423;1917
48411;1918
48454;1919
48428;1920
48415;1921
48478;1922
48419;1923
48432;1924
48508;1925
48408;1926
48420;1927
48465;1928
48429;1930
48418;1931
48409;1932
48407;1933
48412;1934
48431;1935
48491;1936
48440;1937
47430;1938
47432;1939
47437;1940
47456;1941
45192;1942
45134;1943
45252;1944
45188;1945
60983;1946
47637;1947
47584;1948
47593;1949
47451;1950
60960;1951
47426;1952
47442;1953
60967;1954
47443;1955
70091;1956
70098;1957
70107;1958
69983;1959
69994;1960
70008;1961
70045;1962
70056;1963
8198;1964
8196;1965
70119;1966
70083;1968
70010;1969
70020;1970
70029;1971
70035;1972
6164;1973
6222;1974
6257;1975
6311;1976
6225;1977
6150;1978
6533;1979
6334;1980
6158;1981
6198;1982
6157;1983
6209;1984
6163;1985
6133;1986
6208;1987
6142;1988
6140;1989
6161;1990
6254;1991
6274;1992
6131;1993
6261;1994
6227;1995
6189;1996
6134;1997
6217;1998
6256;1999
6305;2000
6360;2001
6153;2002
6284;2003
6271;2004
15988;2005
15799;2006
68287;2007
68422;2008
66532;2009
66683;2010
67573;2011
15802;2012
15833;2013
15993;2014
28985;2015
28930;2016
61435;2017
28829;2018
29012;2019
28674;2020
28824;2021
28660;2022
29090;2023
29580;2024
28729;2025
28709;2026
28766;2027
29320;2028
28844;2029
29199;2030
28856;2031
29530;2032
29532;2033
29009;2034
28687;2035
28833;2036
29193;2037
28873;2038
29198;2039
28772;2040
28673;2041
28669;2042
28817;2043
28820;2044
29059;2045
28666;2046
28745;2047
29097;2048
23031;2049
23037;2052
23043;2053
23050;2054
8930;2056
23036;2057
23063;2058
23047;2062
23080;2065
23085;2067
23053;2070
23034;2072
23042;2075
23041;2076
23040;2078
27993;2080
28005;2081
28048;2082
27990;2083
28036;2084
28053;2085
52945;2086
53070;2087
53043;2088
53134;2089
53114;2090
53643;2091
52861;2092
52941;2093
52960;2094
53050;2095
52940;2096
52970;2097
53075;2098
52928;2099
52899;2100
52976;2101
52961;2102
53000;2103
53011;2104
52879;2105
53384;2106
52977;2107
53455;2108
53072;2109
52925;2110
52932;2111
52877;2112
52957;2113
53040;2114
52876;2115
52875;2116
53005;2117
53191;2118
52883;2119
53007;2120
52983;2121
53227;2122
53248;2123
52860;2124
53157;2125
53200;2126
7678;2127
7675;2133
38364;2135
38294;2136
38543;2137
38244;2138
38396;2139
38886;2140
38260;2141
38470;2142
38429;2143
71006;2144
707;2145
39073;2146
38422;2150
699;2151
38478;2152
38487;2153
70998;2158
38325;2159
38349;2160
38265;2161
38395;2162
38374;2163
38266;2164
38535;2165
38664;2166
38373;2167
38646;2168
38835;2169
38251;2170
38806;2171
38573;2172
38875;2173
38348;2174
38250;2175
38641;2176
38279;2177
38247;2178
38262;2179
39260;2180
38699;2181
38324;2182
38456;2183
38628;2184
38445;2185
38312;2186
38252;2187
38259;2188
38560;2189
38701;2190
38532;2191
38322;2193
38283;2195
63908;2196
38264;2198
16512;2200
16519;2202
16516;2203
16518;2204
16525;2206
16553;2207
23669;2208
16524;2210
16537;2215
16517;2217
16529;2218
16595;2219
16536;2223
16526;2224
16532;2226
16514;2227
16534;2228
16513;2229
7696;2230
7779;2231
7831;2232
7718;2233
7709;2234
10028;2235
10142;2236
10079;2237
10284;2238
10057;2239
10073;2240
10228;2241
10200;2242
10255;2243
10009;2244
10273;2245
22206;2246
22209;2247
22204;2248
22201;2250
22272;2251
22224;2252
22228;2253
22202;2254
22203;2255
22251;2256
22213;2257
22227;2258
22245;2259
22236;2260
22220;2261
63665;2262
62669;2263
62763;2264
62811;2265
62844;2266
14104;2267
62881;2268
63256;2269
63542;2270
63566;2271
62950;2272
62968;2273
63157;2274
62999;2275
63084;2276
62534;2277
62548;2278
62561;2279
62423;2280
63590;2281
62524;2282
47277;2283
47285;2284
47279;2285
47278;2286
47287;2287
47280;2288
47297;2289
28751;2290
28868;2291
28999;2292
28677;2293
28954;2294
28771;2295
28695;2296
28864;2297
28948;2298
29066;2299
28750;2300
28821;2301
29005;2302
28684;2303
28977;2304
28910;2305
28696;2306
28675;2307
28854;2308
28891;2309
28742;2310
64519;2311
64648;2312
64547;2313
64559;2314
64810;2315
30539;2316
64818;2317
64831;2318
64848;2319
64628;2320
30661;2321
64616;2322
64591;2323
64543;2324
65056;2325
64572;2326
64582;2327
36465;2328
36846;2329
36571;2330
36584;2331
36603;2332
36470;2333
36530;2334
36486;2335
36468;2336
36562;2337
36582;2338
36467;2339
36800;2340
36585;2341
36748;2342
36558;2343
36457;2344
36499;2345
36555;2346
36656;2347
36496;2348
36533;2349
36723;2350
25030;2351
25090;2352
25078;2353
25306;2354
25056;2355
24990;2356
25062;2357
24994;2358
25037;2359
25015;2360
24988;2361
25073;2362
25129;2363
25097;2364
25054;2365
25098;2366
25009;2367
7687;2368
7751;2369
7794;2370
7720;2371
7704;2372
7772;2373
7698;2374
7894;2375
233;2399
32010;2406
32008;2407
32011;2408
32022;2409
32012;2410
32013;2411
32038;2412
32002;2413
32009;2414
32007;2415
32014;2416
32001;2417
66478;2418
67544;2420
67091;2421
67101;2422
67201;2423
67242;2424
69043;2425
69053;2426
68346;2427
67341;2428
67376;2429
67545;2430
68056;2431
68314;2432
68329;2433
68937;2434
30785;2435
30521;2436
26573;2437
30542;2438
30531;2439
30541;2440
30550;2441
30650;2442
30540;2443
30581;2444
30592;2445
30615;2446
30534;2447
31402;2448
72828;2449
31413;2450
31696;2451
31573;2452
72932;2453
31320;2454
31290;2455
31353;2456
31285;2457
31293;2458
31363;2459
31322;2460
31321;2461
31324;2462
36568;2463
36633;2464
36632;2465
36504;2466
36540;2467
36435;2468
11564;2469
11724;2470
11582;2471
11593;2472
11621;2473
11576;2474
11584;2475
11648;2476
11775;2477
11698;2478
11632;2479
11563;2480
11682;2481
11606;2482
11637;2483
12178;2484
11620;2485
11575;2486
11588;2487
11707;2488
11612;2489
11600;2490
11755;2491
11788;2492
11681;2493
11844;2494
22619;2495
22629;2496
22681;2497
22620;2498
22614;2499
22622;2500
22641;2501
22625;2502
22639;2503
22626;2504
22621;2505
22646;2506
22617;2507
22616;2508
22636;2510
22668;2511
22637;2512
22628;2513
22652;2514
22615;2515
14092;2516
22631;2517
22648;2518
22647;2519
22676;2520
14099;2521
38341;2524
38801;2525
39014;2526
38343;2527
38435;2528
38296;2529
38295;2530
41152;2531
41190;2532
41206;2533
41246;2534
41516;2535
41271;2536
41300;2537
41128;2538
41347;2539
41160;2540
41148;2541
41255;2542
41147;2543
41263;2544
41178;2545
41241;2546
41221;2547
41158;2548
41215;2549
41226;2550
44532;2551
9907;2552
9399;2555
9427;2557
156;2558
9657;2559
9223;2560
31305;2561
31309;2562
31349;2563
31338;2564
31303;2565
31301;2566
31437;2567
31289;2568
43961;2569
43996;2570
43975;2571
44070;2572
43960;2573
43959;2574
43968;2575
6008;2576
6001;2577
6013;2578
5997;2579
5998;2580
5999;2581
6017;2582
6002;2583
6012;2584
6007;2585
28425;2586
28415;2587
28581;2588
28448;2589
28500;2590
28427;2591
28418;2592
28511;2593
28413;2594
28414;2595
28714;2596
28792;2597
28929;2598
28689;2599
28860;2600
28749;2601
28679;2602
28682;2603
28807;2604
1814;2605
27960;2606
1743;2607
65695;2608
65704;2609
65715;2610
65729;2611
65707;2612
1765;2613
1742;2614
65711;2618
65688;2619
37874;2620
37871;2621
27915;2622
27921;2623
27904;2624
27902;2625
27908;2626
27893;2627
27899;2628
27895;2629
27903;2630
27905;2631
47501;2632
47450;2633
47427;2634
47445;2635
47490;2636
47458;2637
47496;2638
47457;2639
47429;2640
47482;2641
47467;2642
47434;2643
47431;2644
47441;2645
47436;2646
47428;2647
47552;2648
47435;2649
47424;2650
1750;2651
1850;2652
1740;2653
1729;2654
1773;2655
1734;2656
1738;2657
1774;2658
1733;2659
1831;2660
1851;2663
1855;2664
1781;2665
1785;2666
1731;2667
1744;2668
1736;2669
38269;2670
38253;2671
38290;2672
38670;2673
38306;2674
38365;2675
38268;2676
38298;2677
38345;2678
38261;2679
38318;2680
38305;2681
38370;2682
38771;2683
71053;2684
71059;2685
71071;2686
71015;2687
71205;2688
71225;2689
71243;2690
71272;2691
71276;2692
71278;2693
71344;2694
71357;2695
71374;2696
71904;2697
71915;2698
71949;2699
36430;2700
36484;2701
36736;2702
36509;2703
36429;2704
1963;2705
36428;2706
36485;2707
36687;2708
36828;2709
36946;2710
36517;2711
36852;2712
36434;2713
36508;2714
36475;2715
36589;2716
36491;2717
36559;2718
36462;2719
14359;2720
14314;2721
14508;2722
14323;2723
14372;2724
14331;2725
14312;2726
53719;2727
14594;2728
14389;2729
53701;2730
14355;2731
14371;2732
14319;2733
14522;2734
14368;2735
14367;2736
14370;2737
14484;2738
14387;2739
53720;2740
14444;2741
14408;2742
53714;2743
14413;2744
14403;2745
7686;2746
7773;2747
7697;2748
41100;2749
63949;2750
63822;2752
63835;2753
63840;2754
16657;2755
63968;2756
63855;2757
64072;2758
64011;2759
16652;2760
64023;2761
64038;2762
64051;2763
64059;2764
64093;2765
39753;2766
38285;2768
64107;2769
63927;2770
63995;2771
64001;2772
63954;2773
63976;2774
63861;2775
63870;2776
63878;2777
63887;2778
39809;2779
64016;2780
64086;2781
39803;2782
63894;2783
63901;2784
9195;2785
9203;2786
9224;2787
9208;2788
9220;2789
9295;2790
9383;2791
9242;2792
9318;2793
9207;2794
9206;2795
9198;2796
9391;2797
9197;2798
9196;2799
9635;2800
9194;2801
9248;2802
9210;2803
9201;2804
69961;2805
9317;2806
9262;2807
9289;2808
9333;2809
9506;2810
9257;2811
9335;2812
9222;2813
9280;2814
44493;2815
44531;2816
44497;2817
44575;2818
44553;2819
44492;2820
44495;2821
44503;2822
44496;2823
44541;2824
44550;2825
44490;2826
44605;2827
44513;2828
44679;2829
44641;2830
44498;2831
44518;2832
9205;2833
44488;2834
44500;2835
44514;2836
44516;2837
44519;2838
44505;2839
44491;2840
44506;2841
44554;2842
44571;2843
44569;2844
44628;2845
44607;2846
73350;2847
73358;2848
73364;2849
73373;2850
73381;2851
73382;2852
73395;2853
73437;2854
73442;2855
73446;2856
73468;2866
73474;2867
49642;2868
49585;2869
49712;2870
49516;2871
26574;2872
26605;2873
30629;2874
64622;2875
64606;2876
65001;2877
53743;2878
53767;2880
53746;2882
53729;2887
53732;2888
53730;2889
53740;2890
53728;2891
53744;2892
53749;2894
28773;2895
29054;2896
29002;2897
29031;2898
28776;2899
28791;2900
28941;2901
28661;2902
28743;2903
28915;2904
29182;2905
29022;2906
28852;2907
28668;2908
28853;2909
36438;2910
36825;2911
36432;2912
36578;2913
36543;2914
2177;2915
36454;2916
36569;2918
59349;2919
59350;2920
59368;2921
59370;2923
59382;2924
24985;2926
59333;2927
14324;2928
14627;2929
14338;2930
14680;2931
14467;2932
14360;2933
14427;2934
14860;2935
14348;2936
14335;2937
14528;2938
14401;2939
59304;2940
58943;2941
58951;2942
58883;2943
58961;2944
58977;2945
58910;2946
58917;2947
59074;2948
59108;2949
59086;2950
58923;2951
58934;2952
59171;2954
59179;2955
59000;2956
59035;2957
59223;2958
59229;2959
59196;2960
59213;2961
59242;2962
59136;2963
59150;2964
59166;2965
59251;2966
16312;2967
59280;2968
59290;2969
59124;2970
59297;2971
47791;2972
47767;2973
47661;2974
47773;2975
47751;2976
47771;2977
47725;2978
47819;2979
47801;2980
47722;2981
47877;2982
47646;2983
9124;2984
47864;2985
48092;2986
9114;2987
9147;2988
9112;2989
9122;2990
47693;2991
47651;2992
47726;2993
9116;2994
9178;2995
9109;2996
9120;3000
42240;3002
42238;3003
42279;3004
42271;3005
42259;3006
42302;3007
42249;3008
42433;3009
42251;3010
42304;3011
42237;3012
42307;3013
42234;3014
42315;3015
42262;3016
42303;3017
42241;3018
42245;3019
42676;3020
42264;3021
42344;3022
42730;3023
42282;3024
42360;3025
42267;3026
9929;3027
42346;3028
42293;3029
42243;3030
42314;3031
42270;3032
42258;3033
42317;3034
42235;3035
42343;3036
42261;3037
42277;3038
9912;3039
63769;3040
42256;3041
42391;3042
42438;3043
42248;3044
42242;3045
42285;3046
42396;3047
42501;3048
42323;3049
42252;3050
42263;3051
42378;3052
9969;3053
9949;3054
9950;3055
42265;3056
42358;3057
42301;3058
66422;3059
66432;3060
66445;3061
66545;3062
66553;3063
66560;3064
66612;3065
68659;3066
67706;3067
67114;3068
15878;3069
67849;3070
67950;3071
68954;3072
15798;3073
66714;3074
67177;3076
67184;3077
67189;3078
69025;3079
67358;3080
32232;3081
34629;3082
34123;3083
34126;3084
34166;3085
34169;3086
34127;3087
34150;3088
32210;3089
34333;3090
34326;3091
34120;3092
34148;3093
34111;3094
34108;3095
32166;3096
32236;3097
34391;3098
32375;3099
34193;3100
34101;3102
64663;3103
64674;3104
26568;3105
64693;3106
64725;3107
26570;3108
64537;3109
65066;3110
23651;3111
23656;3112
23677;3113
23655;3115
20673;3116
23657;3117
23658;3119
23676;3122
11660;3123
23732;3125
23691;3126
23659;3127
23650;3129
23668;3131
23661;3132
23652;3133
23654;3135
17591;3138
17176;3139
17195;3140
17425;3141
17159;3142
17288;3143
17439;3144
17438;3145
17618;3146
17275;3147
17537;3148
17200;3149
18411;3150
17219;3151
17473;3152
62173;3153
61895;3154
62288;3155
17138;3156
61905;3157
61920;3158
61940;3159
17214;3160
61843;3161
61855;3162
61807;3163
62069;3164
62085;3165
17341;3166
61952;3167
61821;3168
61825;3169
17212;3170
17360;3171
17627;3172
17297;3173
17228;3174
17232;3175
17385;3176
167;3177
17229;3178
17143;3179
17789;3180
17218;3181
17560;3182
17164;3183
17307;3184
17306;3185
17483;3186
17822;3187
17381;3188
18311;3189
17235;3190
17408;3191
17490;3192
17129;3193
17198;3194
17136;3195
17245;3196
18314;3197
17196;3198
17134;3199
17377;3200
17326;3201
17400;3202
62210;3203
61896;3204
17210;3205
61924;3206
62262;3207
62270;3208
17723;3209
61936;3210
17630;3211
17743;3212
17135;3213
18691;3214
62048;3215
62059;3216
62066;3217
17363;3218
17636;3219
17658;3220
17321;3221
61863;3222
62110;3223
62117;3224
61968;3225
61975;3226
62141;3227
62150;3228
61794;3229
61799;3230
62178;3231
62185;3232
61888;3233
62215;3234
17318;3235
17153;3236
17262;3237
62239;3238
62095;3239
61988;3240
61990;3241
62001;3242
61800;3243
61804;3244
36549;3245
36661;3246
36448;3247
36449;3248
1982;3249
1969;3250
36545;3251
36450;3252
36444;3253
36436;3254
36427;3255
36447;3256
36440;3257
66757;3258
66765;3259
15831;3260
66413;3261
20608;3262
67537;3263
15806;3264
67058;3265
67157;3266
67217;3267
67510;3268
68507;3269
67549;3270
67769;3271
67786;3272
67818;3273
67760;3274
67835;3275
67859;3276
68805;3277
20603;3278
69064;3280
55731;3281
55549;3282
55547;3283
55564;3284
55554;3285
45469;3286
45661;3287
45498;3288
45465;3289
45594;3290
45717;3292
45429;3293
45576;3294
45479;3295
33436;3296
33432;3297
33448;3298
33394;3299
52445;3300
33486;3301
33428;3302
33469;3303
33391;3304
33416;3305
33477;3306
33565;3307
33438;3308
33403;3309
33461;3310
33446;3311
33396;3312
33411;3313
33442;3314
33437;3315
33450;3316
33525;3317
33476;3318
33516;3319
33410;3320
33552;3321
33435;3322
33419;3323
303;3324
278;3325
258;3326
383;3327
392;3328
299;3329
273;3330
310;3331
245;3332
242;3333
464;3334
354;3335
911;3336
914;3337
907;3338
916;3339
912;3340
913;3341
918;3342
908;3343
906;3344
32087;3345
32082;3346
32081;3347
32088;3348
44007;3362
43995;3363
43988;3364
44080;3365
43974;3366
43980;3367
43972;3368
43991;3369
19724;3370
19702;3371
19774;3372
19718;3373
19803;3374
19709;3375
19821;3376
19722;3377
19703;3378
49184;3379
19690;3380
19688;3381
19713;3382
19720;3383
19736;3384
19691;3385
19717;3386
19721;3387
19730;3388
19737;3389
19711;3390
19784;3391
19692;3392
19728;3393
19726;3394
19715;3395
19759;3396
49193;3397
19698;3398
49182;3399
19833;3400
19749;3401
19787;3402
49183;3403
19760;3404
49186;3405
19764;3406
49197;3407
19770;3408
19699;3409
19778;3410
19714;3411
19697;3412
19741;3413
19761;3414
19928;3415
19823;3416
54637;3425
54645;3426
55066;3427
55115;3429
55112;3430
55057;3433
58055;3435
55067;3436
55050;3437
55109;3438
14093;3439
55196;3442
55072;3443
58061;3444
55105;3445
10051;3446
10185;3447
10090;3448
10018;3449
10070;3450
10644;3451
10100;3452
10074;3453
10350;3454
10037;3455
10329;3456
10163;3457
10042;3458
10188;3459
10362;3460
10054;3461
10306;3462
10358;3463
10084;3464
10475;3465
10580;3466
10181;3467
57580;3468
57266;3469
57284;3470
57291;3471
57182;3472
57201;3473
57566;3474
57572;3475
57314;3476
57441;3477
57341;3478
57585;3479
57636;3480
57354;3481
57361;3482
57541;3483
57193;3484
57178;3485
57229;3486
10183;3487
57255;3488
10082;3489
10351;3490
16922;3491
16936;3492
16924;3493
16931;3494
16942;3495
16943;3496
16949;3497
16923;3498
14124;3499
16935;3500
16956;3501
14103;3502
16927;3503
16932;3504
16940;3505
58859;3551
58870;3552
59055;3553
58967;3554
58895;3555
59095;3556
59023;3557
9046;3558
8864;3559
8867;3560
8932;3561
8870;3562
8873;3563
8921;3564
8863;3565
8865;3566
8868;3567
8880;3568
8890;3569
8879;3570
8871;3571
8881;3572
8872;3573
8869;3574
8875;3575
8866;3576
1107;3577
1113;3578
1105;3579
1088;3580
1110;3581
1097;3582
1127;3583
1156;3584
60300;3599
60265;3600
1395;3601
1384;3602
1442;3603
60290;3604
60313;3605
1421;3606
1389;3607
1391;3608
1385;3609
1408;3610
1388;3611
1464;3612
1409;3613
1394;3614
1401;3615
1443;3616
1396;3617
1386;3618
1447;3619
1390;3620
1412;3621
1387;3622
60275;3623
1465;3624
1458;3625
60252;3626
1413;3627
1445;3628
1432;3629
1398;3630
1399;3631
44188;3637
22398;3638
22410;3639
22407;3640
22404;3641
22394;3642
22396;3643
22393;3644
22400;3645
22395;3646
44224;3647
44274;3648
44245;3649
44185;3650
44297;3651
27256;3652
27347;3653
27324;3654
27460;3655
27251;3656
27366;3657
27405;3658
27257;3659
27239;3660
27322;3661
27205;3662
27321;3663
27210;3664
27224;3665
27346;3666
27236;3667
27289;3668
27220;3669
27282;3670
73581;3671
6032;3672
27227;3673
27203;3674
27202;3675
73573;3676
27266;3677
27339;3678
27211;3679
27302;3680
27422;3681
27216;3682
27315;3683
27480;3684
27335;3685
27226;3686
49238;3687
69858;3688
69861;3689
69871;3690
69829;3691
69841;3692
26875;3693
1064;3694
1050;3695
1051;3696
49239;3697
43186;3698
43185;3699
43192;3700
43183;3701
43211;3702
43204;3703
43191;3705
43182;3706
43184;3707
66002;3708
66296;3709
66029;3710
66010;3711
66058;3712
66223;3713
66233;3714
66067;3715
66070;3716
66076;3717
66097;3718
66119;3719
66191;3720
66123;3721
66124;3722
66134;3723
65977;3724
38386;3725
38311;3728
38450;3729
38405;3730
38304;3731
38400;3732
38340;3733
38502;3734
38320;3735
38308;3736
38649;3737
66041;3738
66273;3739
66023;3740
66249;3741
22957;3742
50482;3743
1161;3744
66085;3745
66205;3746
22954;3747
66183;3748
66160;3749
66169;3750
22946;3751
22952;3752
22947;3753
66302;3754
66306;3755
66035;3756
66284;3757
66014;3758
66019;3759
66051;3760
66214;3761
66094;3762
66110;3763
66114;3764
65978;3765
49474;3767
66322;3777
66382;3778
15826;3779
68083;3780
67125;3781
68280;3783
67312;3784
67330;3785
67371;3786
67398;3787
66524;3788
66616;3789
66625;3790
66660;3791
68528;3792
66672;3793
67865;3796
68073;3797
68233;3798
68968;3799
48650;3800
48642;3801
23019;3802
48643;3803
48641;3804
48640;3805
48748;3806
48645;3807
48686;3808
48653;3809
48644;3810
48652;3811
48688;3812
48656;3813
48681;3814
48657;3815
48651;3816
48679;3817
48710;3818
48692;3819
48683;3820
21172;3821
31096;3822
31090;3823
60558;3824
60562;3825
60394;3826
31086;3827
60410;3828
31101;3829
65903;3831
65915;3834
1339;3835
51336;3836
51178;3837
65955;3838
51232;3839
51223;3840
51164;3841
1340;3842
1338;3843
51556;3844
50486;3845
50790;3846
50485;3847
50554;3848
50503;3849
50508;3850
50541;3851
50490;3852
50626;3853
50488;3854
50619;3855
50537;3856
50568;3857
50640;3858
50512;3859
9997;3860
10014;3861
10144;3862
10048;3863
10006;3864
10107;3865
10047;3866
10049;3867
9974;3868
10198;3869
10238;3870
10003;3871
10138;3872
9984;3873
8616;3880
40476;3881
40451;3882
40453;3883
40756;3884
40450;3885
40495;3886
40447;3887
40574;3888
40563;3889
40481;3890
40477;3891
40446;3892
40541;3893
40444;3894
40611;3895
40472;3896
40516;3897
40564;3898
40570;3899
40478;3900
40583;3901
40503;3902
40513;3903
36471;3925
36535;3926
36539;3927
36498;3928
1978;3929
1981;3930
2013;3931
36566;3932
36664;3933
36497;3934
36592;3935
71086;3936
71092;3937
71156;3938
71445;3940
71508;3941
71586;3942
71656;3943
71671;3944
71677;3945
71685;3946
71689;3947
71805;3948
71814;3949
71988;3950
72003;3951
72016;3952
72020;3953
72034;3954
72260;3955
72265;3956
72273;3957
72051;3958
72341;3959
50553;3960
50606;3961
50581;3962
50524;3963
50691;3964
50565;3965
24898;3966
50636;3967
50862;3968
50520;3969
50789;3970
50859;3971
50500;3972
24902;3973
50652;3974
50561;3975
24917;3976
50634;3977
50557;3978
50756;3979
17972;3980
17460;3981
17130;3982
18110;3983
17139;3984
17225;3985
17350;3986
17484;3987
17603;3988
17861;3989
17624;3990
17260;3991
28004;3992
28063;3993
28211;3994
28029;3995
28003;3996
27996;3997
27999;3998
28095;3999
28098;4000
28002;4001
27998;4002
28013;4003
49634;4004
69306;4005
69319;4006
69217;4007
69227;4008
69236;4009
49677;4010
69254;4011
69282;4012
69350;4013
69358;4014
49481;4015
69366;4016
69378;4017
69392;4018
69403;4019
69446;4020
69456;4021
69466;4022
69507;4023
69150;4024
69158;4025
69167;4026
69168;4027
69178;4028
49538;4029
49686;4030
49736;4031
49745;4032
49544;4033
49671;4034
49754;4035
49702;4036
49688;4037
49513;4038
49472;4039
49687;4040
49683;4041
49480;4042
49565;4043
49691;4044
49762;4045
49508;4046
49779;4047
49509;4048
49802;4049
49979;4050
49497;4051
50113;4052
49514;4053
49635;4054
49749;4055
49783;4056
49492;4057
69289;4058
69298;4059
69203;4060
69205;4061
69244;4062
49473;4063
49501;4064
49632;4065
69269;4066
69186;4067
24596;4069
24628;4070
24592;4072
24601;4073
24598;4074
24610;4075
24634;4076
24591;4078
24595;4079
24608;4080
24593;4081
24605;4084
24594;4085
37884;4088
37880;4089
37878;4090
37925;4091
37894;4092
20161;4093
37887;4094
37914;4095
20164;4096
37913;4097
37979;4098
37935;4099
20163;4100
37948;4101
20160;4102
38036;4103
37912;4104
38014;4105
37929;4106
32260;4107
34228;4108
32265;4109
32221;4110
32341;4111
34288;4112
32188;4113
32196;4114
32193;4115
32180;4116
32173;4117
32447;4118
32177;4119
32170;4120
32204;4121
32235;4122
32190;4123
32322;4124
32245;4125
32291;4126
32241;4127
32371;4128
71130;4129
71140;4130
71304;4131
71411;4132
71428;4133
71511;4134
71572;4135
71868;4136
71967;4137
71982;4138
31291;4140
72842;4141
31306;4142
31298;4143
31778;4144
31312;4145
31399;4146
73001;4147
31286;4148
73017;4149
31335;4150
31350;4151
31433;4152
31473;4153
31484;4154
40148;4155
40145;4157
40153;4158
40181;4160
40149;4161
40142;4163
57154;4164
40144;4165
40195;4167
57161;4168
40140;4169
40214;4170
40246;4171
40212;4172
40182;4173
40179;4174
40180;4175
40156;4176
40173;4178
40147;4179
40190;4180
40151;4181
40158;4182
40163;4183
40141;4184
40166;4185
40143;4186
57170;4187
30554;4188
30543;4189
30529;4190
30537;4191
30728;4192
30546;4193
30547;4194
30561;4195
30591;4196
30645;4197
32198;4198
32274;4200
32237;4201
32313;4202
32321;4203
32167;4204
32283;4205
32182;4206
32168;4207
32205;4208
32217;4209
32256;4210
32223;4211
34252;4213
34122;4214
34241;4215
34269;4216
34107;4217
34216;4218
34119;4219
34251;4220
34156;4221
34100;4222
34513;4223
34179;4224
34182;4225
32203;4226
34155;4227
32395;4228
34174;4229
34099;4230
34300;4231
34386;4232
28062;4233
28033;4234
28161;4235
28012;4236
5995;4238
28181;4239
27995;4240
65680;4241
28027;4242
28011;4243
65685;4244
28127;4245
28038;4246
28001;4247
5430;4248
69143;4249
5369;4250
5379;4251
5372;4253
5454;4254
5375;4255
5368;4256
5433;4257
21171;4258
31245;4259
60470;4260
31144;4261
31254;4262
31095;4263
31085;4264
43984;4265
43999;4266
43964;4267
43973;4268
44004;4269
43986;4270
43963;4271
43966;4272
44105;4273
43981;4274
43965;4275
44061;4276
45439;4277
45625;4278
45564;4279
45583;4280
45792;4281
45430;4282
45508;4283
45519;4284
45582;4285
45786;4286
45601;4287
45821;4288
45441;4289
45630;4290
45695;4291
45484;4292
46570;4293
45600;4294
45475;4295
45466;4296
45638;4297
46120;4298
45560;4299
45468;4300
45540;4301
46436;4302
45520;4303
45807;4304
46286;4305
45546;4306
46311;4307
45597;4308
60457;4309
60459;4311
31265;4312
60362;4313
60372;4314
60384;4315
60492;4316
60452;4317
31092;4318
60592;4319
31113;4320
63235;4321
62682;4322
63418;4323
62404;4324
62841;4325
63300;4326
62915;4327
63093;4328
63135;4329
63142;4330
63151;4331
62986;4332
63117;4333
63060;4334
62590;4335
62603;4336
62654;4337
63389;4338
62452;4339
62518;4340
70509;4360
70541;4361
70794;4362
70636;4364
22383;4365
70186;4366
70313;4367
70719;4368
70428;4369
70977;4370
70370;4371
169;4372
70217;4373
70409;4374
70461;4375
70693;4376
70868;4377
70243;4378
70485;4379
70531;4380
70759;4381
70588;4382
70598;4383
70641;4384
70651;4385
70605;4386
70141;4387
70154;4388
70166;4389
70421;4390
70888;4391
70899;4392
70267;4393
70278;4394
70562;4395
70281;4396
70286;4397
70296;4398
70608;4399
70630;4400
70324;4401
70361;4402
70732;4403
170;4404
70821;4405
70439;4406
70450;4407
70874;4408
70219;4409
70223;4410
168;4412
70359;4413
70180;4414
70248;4415
70765;4416
70308;4417
70835;4418
70860;4419
44191;4420
44190;4421
44210;4422
44195;4423
9191;4424
22429;4425
44193;4426
44194;4427
44186;4428
44208;4429
44247;4430
44187;4431
44408;4432
44189;4433
44202;4434
53867;4435
53847;4436
53851;4437
53874;4438
53856;4439
53872;4440
53900;4441
53849;4442
53848;4443
53859;4444
53854;4445
53881;4446
53846;4447
53942;4448
53852;4449
53853;4450
32212;4451
32304;4452
32175;4453
32189;4454
32281;4455
32532;4456
32398;4457
32252;4458
32208;4459
32218;4460
32181;4461
32294;4462
32350;4463
32197;4464
32287;4465
32290;4466
32246;4467
32300;4468
34103;4469
34110;4470
34141;4471
34114;4472
34172;4473
34225;4474
34210;4475
34215;4476
34160;4477
34458;4478
34143;4479
34211;4480
34112;4481
34142;4482
34105;4483
34312;4484
34157;4485
34206;4486
34254;4487
34265;4488
34096;4489
34097;4490
34175;4491
34115;4492
34117;4493
34098;4494
34258;4495
34757;4496
34278;4497
34447;4498
34207;4499
34208;4500
34154;4501
34280;4502
34121;4503
34151;4504
34771;4505
34116;4506
34152;4507
34118;4508
34200;4510
34266;4511
34256;4512
34095;4513
34132;4514
34147;4515
34242;4516
34094;4517
34264;4518
34259;4519
57760;4520
57776;4521
57819;4522
57784;4523
57833;4524
14346;4525
57714;4526
57682;4527
57694;4528
57660;4529
57732;4530
57803;4531
16716;4532
16700;4535
16707;4538
66693;4543
66819;4544
66849;4545
66477;4546
66361;4547
67069;4548
67954;4549
67250;4550
68002;4551
68190;4552
68855;4553
68993;4554
66406;4555
66881;4556
66953;4557
67011;4558
67059;4559
67412;4560
67489;4561
67631;4562
67982;4563
16699;4564
16729;4565
16794;4566
65510;4567
65144;4568
65148;4569
65194;4570
65247;4571
16677;4572
65601;4573
65365;4574
65390;4575
16877;4576
65485;4578
65458;4580
65460;4581
65463;4582
54513;4589
54520;4590
54511;4591
54517;4592
54512;4593
15933;4594
15947;4595
15808;4596
15839;4597
15932;4598
15817;4599
15854;4600
15851;4601
30574;4605
20158;4617
20159;4618
64497;4636
64502;4638
64507;4639
62708;4640
62771;4641
62897;4642
62914;4643
63170;4644
63192;4645
63204;4646
63022;4647
63049;4648
63071;4649
63325;4650
62458;4651
62494;4652
33392;4653
33407;4654
33424;4655
33456;4656
33413;4657
33473;4658
33521;4659
33422;4660
33402;4661
33519;4662
33430;4663
33429;4664
33431;4665
33475;4666
33398;4667
33417;4668
33495;4669
33397;4670
33423;4671
33546;4672
33539;4673
33681;4674
33390;4675
33483;4676
33404;4677
33399;4678
33603;4679
33401;4680
33453;4681
33414;4682
33468;4683
33449;4684
33441;4685
33488;4686
33503;4687
58733;4688
58744;4689
58323;4690
58481;4691
58520;4692
58537;4693
58547;4694
58606;4695
58636;4696
58250;4697
60998;4698
61413;4699
61437;4700
61096;4701
61098;4702
61107;4703
61116;4704
61530;4705
61489;4706
61192;4707
61210;4708
61652;4709
61307;4710
27989;4718
28032;4719
28037;4720
28066;4721
27992;4722
28017;4723
28028;4724
27997;4725
28041;4726
28079;4727
10447;4728
10348;4729
10319;4730
10600;4731
16695;4732
16678;4733
16675;4734
16679;4735
35521;4736
35547;4737
35539;4738
35639;4740
35608;4741
35517;4742
35600;4743
35559;4744
35557;4745
35518;4746
35605;4747
35577;4748
35534;4749
35818;4750
35837;4751
35575;4752
35523;4753
35713;4754
35524;4755
35954;4756
35533;4757
28437;4758
28428;4759
28399;4760
28495;4761
28520;4762
28530;4763
28543;4764
28532;4765
28478;4766
28458;4767
28403;4768
28417;4769
65207;4770
65266;4771
65268;4772
65585;4773
28452;4774
65388;4775
65630;4776
65422;4778
65657;4779
28633;4780
31841;4781
31843;4782
31839;4783
31840;4784
31846;4785
31842;4786
31848;4787
31844;4788
31854;4789
31860;4790
54582;4791
54579;4792
54624;4793
54641;4795
55048;4798
58095;4799
55104;4800
55063;4801
55051;4802
55085;4804
55091;4805
55059;4806
58068;4807
55131;4809
55089;4810
58075;4811
58083;4812
55062;4813
55096;4814
16511;4818
21844;4819
21849;4820
21825;4821
21830;4822
21832;4823
21838;4824
21828;4825
21867;4826
21824;4827
21845;4828
21831;4829
21858;4830
21851;4832
21837;4833
21826;4834
21847;4835
21868;4836
21829;4837
21839;4838
21850;4839
65302;4840
16780;4841
16680;4842
16687;4843
16686;4844
8499;4845
8591;4846
8476;4847
8520;4848
8491;4849
8566;4850
8475;4851
8486;4852
8495;4853
8493;4854
38248;4855
38280;4856
38368;4857
38387;4858
38249;4859
38438;4860
38331;4861
38398;4862
38472;4864
38334;4865
38335;4866
38352;4867
38524;4868
38996;4869
38434;4870
38490;4871
38323;4872
38355;4873
38274;4874
38354;4875
38246;4876
38843;4877
38829;4878
38366;4879
38848;4880
38273;4881
38287;4882
38399;4883
38460;4884
39007;4885
38432;4886
38413;4887
38499;4888
38545;4891
26107;4893
26103;4898
26105;4899
26114;4900
26102;4903
1945;4917
1940;4918
1929;4919
1933;4920
1931;4921
1930;4922
1939;4923
28676;4924
29145;4925
28711;4926
28778;4927
29882;4928
29253;4929
28881;4930
28796;4931
28965;4932
28800;4933
28976;4934
28662;4935
26344;4936
26353;4937
26347;4938
26346;4939
26100;4940
26355;4941
26352;4942
26112;4943
26356;4944
26350;4945
26345;4946
26101;4947
26375;4948
26362;4949
7619;4958
7624;4959
7618;4960
7617;4961
17175;4962
17169;4963
61935;4964
17233;4965
61833;4966
61875;4967
17276;4968
61820;4969
17252;4970
17207;4971
17201;4972
17163;4973
17182;4974
17193;4975
17392;4976
17227;4977
17672;4978
17188;4979
17203;4980
17241;4981
65115;4982
65516;4983
65150;4984
65171;4985
65230;4986
65254;4987
65278;4988
65312;4989
65326;4990
65347;4991
65378;4992
65621;4993
65413;4994
65425;4995
65508;4996
2482;4997
2930;4998
2623;4999
2606;5000
2518;5001
2647;5002
2603;5003
2529;5004
2557;5005
2672;5006
2758;5007
2523;5008
2653;5009
2595;5010
2426;5011
2417;5012
2610;5013
2415;5014
2617;5015
2799;5016
2444;5017
2513;5019
2408;5020
2416;5021
2913;5022
2694;5023
2690;5024
3387;5025
2932;5026
2471;5027
61353;5028
61061;5029
61088;5030
61446;5031
61453;5032
61159;5033
61168;5034
61204;5035
61242;5036
61740;5037
61298;5038
61784;5039
54632;5040
54693;5041
54622;5042
54561;5043
54577;5044
54615;5045
54566;5046
54618;5047
54636;5048
54628;5049
54559;5050
43316;5051
54596;5052
1090;5053
1094;5054
1102;5055
1091;5056
1136;5057
1129;5058
1188;5059
1112;5060
1122;5061
1115;5062
1098;5063
1146;5064
1106;5065
1119;5066
1096;5068
21254;5070
21255;5071
21260;5072
21272;5073
21256;5077
21294;5078
57743;5079
57688;5081
21258;5082
21259;5083
57670;5084
21273;5085
21275;5087
57654;5088
64303;5090
64443;5091
64451;5092
1966;5093
2119;5094
1995;5095
2186;5096
64482;5097
36554;5098
64118;5105
37961;5106
37908;5107
37882;5108
37896;5109
38030;5110
37877;5111
38050;5112
64231;5113
64182;5114
37879;5115
64184;5116
64196;5117
64208;5121
64253;5122
64261;5123
51962;5124
51965;5125
51973;5126
51963;5127
51961;5128
51966;5129
17132;5130
17154;5131
17263;5132
17315;5133
17393;5134
17470;5135
17740;5136
17361;5137
17760;5138
54569;5139
54551;5140
54547;5141
58819;5143
58838;5145
55049;5146
55106;5147
58795;5148
58806;5149
58794;5151
55075;5152
55046;5153
55128;5154
58751;5155
58784;5156
55095;5157
55065;5159
58768;5160
55069;5161
55161;5162
30558;5168
30609;5169
30520;5170
30523;5171
30530;5172
30522;5173
30559;5174
30718;5175
28363;5176
28370;5177
28362;5178
28371;5179
28365;5180
38254;5181
38375;5182
45561;5183
38256;5184
38458;5185
38258;5186
38271;5187
38263;5188
38292;5189
38245;5190
38276;5191
38392;5192
38301;5193
38255;5194
38293;5195
38282;5196
11647;5197
11634;5198
11615;5199
11591;5200
11607;5201
11639;5202
11850;5203
11619;5204
11932;5205
11625;5206
11617;5207
11562;5208
11779;5209
11700;5210
11718;5211
11673;5212
11623;5213
11656;5214
14308;5232
14311;5233
14328;5234
14402;5235
14419;5236
14300;5237
14395;5238
14298;5239
14548;5240
14380;5241
14329;5242
14356;5243
14306;5244
14417;5245
14347;5246
14316;5247
40443;5248
40465;5249
40469;5250
40552;5251
40833;5252
40489;5253
63816;5254
40468;5255
40580;5256
40523;5257
40542;5258
40488;5259
40657;5260
40660;5261
40644;5262
40553;5263
40659;5264
40473;5265
40522;5266
40598;5267
40593;5268
40834;5269
40466;5270
40531;5271
466;5272
52002;5273
51998;5274
240;5275
251;5276
241;5277
247;5278
265;5279
291;5280
317;5281
246;5282
52031;5283
365;5284
52016;5285
243;5286
53721;5287
53712;5288
53700;5289
53706;5290
53702;5291
53707;5292
53713;5293
53727;5294
53708;5295
53704;5296
53718;5297
53715;5298
24925;5299
24918;5300
28700;5301
28701;5302
28752;5303
28788;5304
29716;5305
29046;5306
29465;5307
29080;5308
28663;5309
28704;5310
29008;5311
28715;5312
28943;5313
28780;5314
28813;5315
28768;5316
28871;5317
28686;5318
29121;5319
29119;5320
28726;5321
29106;5322
28671;5323
28699;5324
29299;5325
29077;5326
28681;5327
28797;5328
28767;5329
28874;5330
29409;5331
40431;5332
9192;5333
40430;5334
60184;5335
60195;5336
60202;5337
2274;5338
2275;5339
2281;5340
60217;5341
56568;5342
56567;5343
31107;5344
31087;5345
31111;5346
31108;5347
31089;5348
31097;5349
41242;5350
41281;5351
41191;5352
41319;5353
9926;5354
9911;5355
9954;5360
9937;5361
9935;5362
9924;5363
36660;5364
36469;5365
36712;5366
36738;5367
2019;5368
36563;5369
36737;5370
37207;5371
2005;5372
37318;5373
37210;5374
36550;5375
36586;5376
37403;5377
36472;5378
36458;5379
1979;5380
36610;5381
36564;5382
15862;5383
15898;5384
15880;5385
66502;5386
15804;5387
15969;5388
15805;5389
15807;5390
15852;5391
62663;5392
62734;5393
62875;5394
62383;5395
63282;5396
63268;5397
63018;5398
63026;5399
62622;5400
63378;5401
62416;5402
63620;5403
62442;5404
62474;5405
64328;5406
64340;5407
64345;5408
64312;5410
1988;5411
64295;5412
64424;5413
64389;5414
64304;5415
64305;5416
64472;5417
1972;5418
1987;5419
64320;5420
38267;5421
38319;5422
38633;5423
38328;5424
38316;5425
38297;5426
38337;5427
38299;5428
38380;5429
38464;5430
71121;5431
71098;5432
71039;5433
71215;5434
71474;5435
71480;5436
71703;5437
71707;5438
71844;5439
71892;5440
28408;5441
28401;5442
28519;5443
28412;5444
1985;5445
2010;5446
1973;5447
64393;5448
64406;5449
1993;5450
1994;5451
61358;5452
61033;5453
61034;5454
61044;5455
61056;5456
61397;5457
61219;5458
61223;5459
61229;5460
61236;5461
61742;5462
31470;5463
31502;5464
31313;5465
73023;5466
31663;5467
31552;5468
72971;5469
31572;5470
31297;5471
31403;5472
31292;5473
31300;5474
31328;5475
31295;5476
41161;5477
41134;5478
41138;5479
41156;5480
41120;5481
41183;5482
41137;5483
41163;5484
41168;5485
41409;5486
41171;5487
41235;5488
41225;5489
41172;5490
41123;5491
41162;5492
41236;5493
41135;5494
41173;5495
27329;5512
27201;5513
27232;5514
27219;5515
27331;5516
27319;5517
27370;5518
27267;5519
27294;5520
27274;5521
27318;5522
27270;5523
27217;5524
27207;5525
27229;5526
27208;5527
27222;5528
27231;5529
27303;5530
27213;5531
27204;5532
27259;5533
27281;5534
27215;5535
27221;5536
27237;5537
33393;5538
33400;5539
52438;5541
52439;5542
52449;5543
52422;5544
52426;5545
52427;5546
52450;5547
52443;5550
52430;5551
52420;5552
52418;5556
52432;5558
52437;5559
52483;5561
52419;5562
52435;5563
52417;5564
52440;5565
33421;5569
64634;5590
64711;5591
64717;5592
64554;5593
26579;5594
64610;5595
64611;5596
65093;5597
64560;5598
64563;5599
28879;5600
28779;5601
28826;5602
28875;5603
52659;5604
52661;5605
28845;5606
52666;5607
28837;5608
28746;5609
28877;5610
28918;5611
28839;5612
52667;5613
59267;5622
58595;5623
13831;5629
13846;5630
13836;5631
13840;5632
13839;5633
13834;5634
13849;5635
13871;5636
13852;5637
13843;5638
13845;5639
13827;5640
13850;5641
13842;5642
13838;5643
13901;5644
13853;5645
13851;5646
35671;5647
35541;5648
35550;5649
35676;5650
35542;5651
35562;5652
35654;5653
35531;5654
35546;5655
35638;5656
35617;5657
35527;5658
35560;5659
35599;5660
35750;5661
28518;5662
28398;5663
28423;5664
28410;5665
28426;5666
28400;5667
28469;5668
28476;5669
15793;5671
65786;5673
65792;5674
65779;5675
65886;5676
65895;5677
65764;5678
65770;5679
65862;5680
65867;5681
65871;5682
65881;5683
65834;5684
65846;5685
65854;5686
65799;5687
65811;5688
65819;5689
65825;5690
15813;5691
15810;5692
66816;5693
23249;5694
66922;5695
66935;5696
66942;5697
66989;5698
67794;5699
67728;5700
67744;5701
67046;5702
67051;5703
68092;5704
15811;5705
68115;5706
66570;5707
23267;5708
23266;5709
67557;5710
68580;5711
67679;5712
23252;5713
67724;5714
15859;5715
23250;5716
68728;5717
68028;5718
23256;5719
68256;5720
23357;5721
50384;5722
50327;5723
50330;5724
50356;5725
50325;5726
50332;5727
50341;5728
50335;5729
50329;5730
50324;5731
2045;5732
2117;5733
1996;5734
1971;5735
2102;5736
10333;5737
11149;5738
10022;5739
10088;5740
9999;5741
10102;5742
10171;5743
10002;5744
10313;5745
36599;5746
36445;5747
36493;5748
36593;5749
36597;5750
36483;5751
36431;5752
36525;5753
36455;5754
36482;5755
36492;5756
1967;5757
36478;5758
36473;5759
54554;5760
54555;5761
54574;5762
54571;5763
14208;5764
54592;5765
54546;5766
54643;5767
55098;5768
55061;5769
55265;5770
55044;5771
55045;5772
55052;5773
55110;5774
55080;5775
55047;5776
14742;5777
14301;5778
14500;5779
14299;5780
15458;5781
15348;5782
15440;5783
15444;5784
15541;5785
14544;5786
14411;5787
14483;5788
14429;5789
15084;5790
14499;5791
14353;5792
14334;5793
65184;5794
65192;5795
65203;5796
65220;5797
65548;5798
65557;5799
65293;5800
65581;5801
65586;5802
65640;5803
65405;5804
65450;5805
65468;5806
65465;5807
16682;5808
16753;5809
28536;5810
28405;5811
28486;5812
28621;5813
28397;5814
28416;5815
28419;5816
10415;5817
10431;5818
10134;5819
10159;5820
9977;5821
10021;5822
10034;5823
10085;5824
40501;5826
40538;5827
63803;5828
40703;5829
40499;5830
40710;5831
40474;5832
40545;5834
40698;5836
40554;5838
40512;5839
40686;5840
40600;5841
8734;5843
40836;5844
40518;5848
40640;5849
40519;5850
40467;5851
40445;5852
40508;5853
40517;5854
40539;5855
40535;5856
40464;5857
40606;5858
63787;5859
40500;5860
25075;5861
25059;5862
25094;5863
25025;5864
25006;5865
25281;5866
25047;5867
25132;5868
24993;5869
25195;5870
25010;5871
25108;5872
25061;5873
25008;5874
25051;5875
25417;5876
25000;5877
25117;5878
25138;5879
25070;5880
177;5881
24053;5911
24085;5912
24030;5913
24081;5914
24059;5915
58037;5916
23539;5917
23532;5919
23635;5920
57905;5921
23534;5923
57911;5924
23533;5925
57878;5926
57883;5927
57891;5928
57923;5929
57928;5930
58042;5931
58048;5932
23536;5933
57860;5935
57939;5936
23548;5937
57917;5939
57950;5940
57961;5941
23559;5942
23579;5943
57967;5944
23547;5945
23543;5948
57978;5949
23542;5950
57984;5953
58013;5954
57871;5955
23563;5957
23570;5958
57990;5959
58025;5960
57900;5961
23535;5962
23561;5968
23538;5969
30518;5970
30677;5971
30853;5972
30519;5973
30664;5974
24997;5975
25045;5976
25085;5977
25060;5978
25005;5979
25257;5980
25040;5981
25027;5982
24995;5983
25018;5984
25125;5985
24987;5986
43599;5988
43636;5989
43606;5991
43566;5992
43576;5993
43661;5994
43565;5995
43598;5996
43656;5999
43603;6000
43601;6001
43619;6002
43745;6003
43568;6004
43618;6005
43605;6006
43602;6007
43567;6008
51831;6009
51837;6010
51864;6011
7614;6012
51824;6013
51817;6014
51853;6015
7612;6016
51819;6017
51820;6018
51827;6019
51845;6020
51825;6021
51833;6022
51842;6023
51836;6024
7613;6025
51866;6026
51823;6027
51818;6028
51870;6029
51822;6030
60145;6031
59992;6032
59996;6033
60165;6034
60171;6035
60010;6036
60064;6038
60066;6039
60070;6040
60074;6041
60081;6042
60092;6043
60096;6044
60106;6045
60015;6046
60021;6047
60025;6048
60044;6049
60130;6050
60047;6052
60055;6054
60002;6055
60161;6056
60009;6057
60087;6058
60036;6059
60135;6060
59978;6061
59979;6062
73129;6063
73150;6064
73290;6065
73135;6066
73283;6067
73140;6068
73156;6069
73172;6070
73188;6071
73168;6072
73201;6073
73213;6074
73040;6075
73056;6076
73125;6077
73230;6078
73051;6079
73068;6080
73082;6081
73095;6082
73096;6083
73104;6084
73113;6085
73254;6086
73263;6087
73272;6088
63496;6089
13828;6090
62693;6091
62701;6092
62721;6093
63445;6094
62748;6095
63479;6096
62778;6097
58983;6098
13894;6099
43150;6100
62829;6101
62907;6102
62374;6103
63676;6104
62931;6105
43154;6106
43161;6107
63010;6108
63057;6109
62576;6110
63362;6111
62631;6112
43171;6113
62640;6114
62434;6115
71291;6116
71397;6117
72453;6118
71774;6119
71776;6120
72408;6121
71998;6122
72065;6123
51163;6124
51140;6125
51174;6126
51241;6127
51255;6128
7184;6168
7606;6174
6826;6175
7701;6177
7690;6178
7735;6179
7731;6180
7712;6181
7728;6182
7702;6183
7781;6186
10176;6187
10087;6188
9985;6189
10076;6190
10061;6191
10046;6192
10256;6193
10063;6194
10081;6195
40876;6196
40530;6197
40475;6198
40461;6199
40509;6200
40449;6201
40549;6202
40471;6203
40525;6204
40448;6205
40507;6206
40505;6207
44196;6208
44223;6209
44192;6210
44409;6211
61361;6212
61373;6213
61700;6214
61730;6215
61135;6216
61150;6217
61484;6218
61513;6219
61536;6220
61158;6221
61177;6222
61560;6223
61606;6224
61612;6225
61594;6226
61630;6227
61635;6228
61640;6229
61267;6230
6167;6231
6351;6232
6350;6233
6494;6234
6191;6235
6170;6236
6418;6237
6138;6238
6300;6239
6340;6240
65159;6241
65167;6242
65321;6243
65613;6244
65336;6245
65363;6246
65642;6247
65408;6248
16788;6249
16676;6250
65493;6251
65503;6252
16701;6253
65438;6254
6231;6255
6278;6256
6155;6257
6422;6258
6149;6259
6416;6260
6354;6261
6317;6262
6156;6263
6329;6264
6396;6265
52874;6266
52905;6267
52956;6268
52917;6269
52901;6270
52952;6271
52859;6272
52966;6273
52894;6274
53171;6275
52893;6276
53132;6277
52873;6278
52864;6279
52882;6280
52965;6281
52959;6282
52918;6283
52948;6284
53058;6285
53032;6286
53186;6287
53062;6288
52869;6289
52920;6290
52898;6291
52863;6292
52881;6293
52884;6294
52892;6295
52953;6296
53391;6297
53008;6298
52858;6299
53174;6300
52907;6301
52991;6302
53172;6303
53056;6304
53001;6305
52866;6306
52997;6307
52943;6308
52878;6309
53137;6310
52922;6311
53128;6312
52865;6313
17146;6314
17168;6315
17247;6316
17246;6317
17264;6318
17239;6319
61916;6320
62314;6321
17274;6322
17266;6323
17284;6324
17158;6325
17301;6326
17170;6327
17145;6328
17231;6329
17161;6330
17220;6331
17144;6332
17209;6333
23375;6334
23370;6335
23389;6336
23380;6337
23390;6338
23367;6339
71152;6340
71183;6341
71195;6342
71403;6343
71546;6344
71629;6345
71762;6346
71801;6347
71860;6348
71874;6349
72102;6350
72152;6351
72155;6352
71179;6353
72108;6354
71263;6355
71410;6356
71538;6357
71543;6358
72498;6359
71575;6360
71663;6361
71790;6362
71839;6363
61793;6366
67296;6368
15800;6369
66723;6370
16278;6371
66725;6372
66748;6373
66334;6374
23192;6375
69013;6376
67323;6377
67764;6378
67793;6379
68140;6380
68249;6381
60747;6382
60761;6384
60774;6385
60818;6387
16140;6388
60780;6390
23203;6391
60811;6393
60788;6394
23198;6396
23194;6397
60796;6398
60805;6399
67282;6402
68898;6403
68363;6404
67515;6405
67529;6406
66515;6407
66586;6408
67588;6409
67689;6410
67893;6411
67905;6412
67983;6413
68081;6414
68779;6415
68266;6416
6234;6417
6128;6418
6275;6419
6298;6420
6319;6421
6197;6422
6214;6423
6242;6424
6664;6425
6443;6426
6162;6427
6188;6428
44329;6431
22401;6432
58122;6433
58168;6434
58174;6435
58363;6436
58294;6437
58234;6438
58274;6439
58439;6440
58334;6441
58197;6442
13360;6443
58140;6444
58130;6445
13414;6447
58145;6448
58490;6449
58466;6450
13303;6451
13539;6452
13318;6453
13368;6454
58370;6455
52972;6456
58646;6457
13375;6458
13419;6459
13446;6460
13311;6461
13455;6462
13359;6463
58704;6464
58655;6465
13448;6466
13600;6467
13435;6468
13310;6469
13332;6470
58669;6471
71603;6487
71818;6488
71826;6489
72250;6490
71884;6491
71955;6492
72294;6493
72115;6494
72124;6495
72141;6496
72165;6497
72175;6498
14227;6514
8489;6521
8492;6522
8482;6523
23481;6524
8541;6525
8524;6526
8544;6527
8735;6528
8509;6529
8701;6530
8496;6531
8598;6532
8505;6533
8483;6534
8589;6535
8504;6536
8560;6537
8576;6538
8543;6539
8488;6540
8540;6541
8615;6542
8631;6543
8690;6544
8481;6545
8579;6546
8618;6547
8588;6548
8571;6549
8776;6550
8586;6551
8601;6552
8477;6553
8480;6554
8534;6555
8732;6556
8590;6557
14321;6558
14344;6559
14350;6560
14351;6561
14325;6562
14366;6563
14571;6564
14317;6565
14332;6566
14374;6567
14307;6568
57842;6569
14309;6570
14653;6571
14310;6572
14362;6573
14327;6574
14320;6575
14400;6576
14505;6577
45193;6578
45167;6579
45187;6580
26761;6581
45158;6585
45229;6586
45139;6587
45141;6588
45195;6589
45185;6590
45189;6591
45132;6592
47660;6593
47784;6594
47839;6595
47692;6596
47674;6597
47719;6598
47702;6599
47696;6600
47710;6601
47802;6602
47709;6603
47699;6604
47701;6605
47670;6606
47724;6607
9126;6608
47880;6609
47690;6610
47769;6611
47706;6612
47717;6613
47723;6614
47650;6615
47803;6616
47766;6617
47822;6618
47783;6619
47645;6620
47679;6621
47975;6622
47711;6623
47739;6624
47896;6625
47728;6626
47868;6627
48156;6628
48132;6629
47720;6630
47836;6631
47883;6632
47750;6633
47666;6634
47648;6635
47664;6636
47686;6637
47923;6638
47806;6639
9110;6640
47762;6641
47652;6642
47658;6643
47647;6644
48011;6645
47676;6646
47684;6647
47826;6648
67378;6649
66784;6650
66463;6651
66475;6652
66996;6653
68216;6654
67274;6655
67388;6656
67577;6657
68588;6658
67642;6659
67889;6660
67992;6661
67930;6662
68881;6663
68976;6664
64148;6665
64142;6666
37881;6667
37883;6668
64282;6669
37918;6670
37897;6671
37910;6672
37943;6673
26755;6674
43506;6675
43505;6676
43492;6677
43495;6678
43493;6679
26754;6680
43508;6681
43494;6682
43501;6683
46163;6684
45463;6685
45435;6686
45424;6687
45567;6688
45443;6689
45473;6690
45427;6691
45451;6692
45554;6694
45712;6695
45446;6696
45663;6697
45506;6698
45467;6699
45496;6700
45433;6701
45543;6702
45495;6703
45458;6704
45434;6705
45482;6706
45426;6707
45485;6708
45431;6709
45791;6710
45524;6711
45513;6712
45536;6713
45739;6714
45572;6715
45534;6716
45559;6717
45494;6718
45530;6719
45780;6720
45824;6721
45477;6722
45502;6723
45437;6724
45606;6725
45604;6726
45483;6727
45453;6728
45787;6729
69485;6730
69408;6731
69411;6732
69420;6733
69425;6734
61332;6735
61016;6737
61349;6738
61421;6739
61665;6740
61080;6741
61717;6742
61723;6743
61195;6744
61565;6745
61572;6746
61578;6747
61584;6748
61646;6749
61253;6750
61262;6751
61273;6752
61291;6754
61303;6755
63417;6756
63469;6757
63736;6758
62369;6760
62390;6761
63587;6762
63032;6763
62567;6764
63352;6765
62427;6766
62486;6767
63642;6768
62506;6769
69944;6770
69951;6773
69939;6774
20951;6775
20952;6776
20959;6777
20950;6778
20963;6780
20988;6781
20969;6783
20968;6785
20955;6787
20960;6789
20965;6790
20953;6791
20962;6792
20954;6794
17237;6795
17184;6796
17140;6797
17335;6798
17149;6799
17279;6800
17179;6801
17165;6802
17173;6803
17230;6804
17506;6805
17316;6806
17157;6807
17394;6808
17366;6809
17224;6810
17550;6811
17538;6812
17344;6813
17204;6814
17526;6815
17451;6816
17142;6817
22471;6818
22477;6819
22484;6821
22476;6823
22470;6828
22489;6829
22472;6830
22485;6831
22469;6832
22487;6833
22502;6835
10131;6837
10065;6838
9980;6839
10040;6840
10307;6841
9978;6842
9979;6843
10145;6844
9975;6845
10139;6846
9995;6847
9993;6848
10031;6849
10033;6850
47372;6851
47362;6852
47368;6853
47370;6854
47377;6855
47364;6856
28006;6859
27994;6860
28007;6861
28156;6862
28023;6863
28045;6864
28008;6865
28019;6866
28205;6867
17355;6868
17160;6869
17178;6870
17314;6871
17403;6872
17358;6873
17254;6874
17349;6875
17128;6876
17202;6877
17304;6878
17302;6879
17148;6880
17216;6881
25001;6882
25032;6883
25087;6884
24999;6885
25079;6886
25034;6887
25089;6888
25002;6889
25072;6890
25255;6891
25335;6892
25081;6893
25055;6894
25188;6895
25039;6896
25201;6897
25007;6898
25223;6899
24996;6900
25196;6901
25313;6902
25092;6903
25020;6904
25093;6905
25216;6906
11900;6907
11864;6908
11737;6909
11683;6910
11767;6911
11685;6912
11633;6913
11692;6914
11590;6915
11666;6916
11577;6917
11901;6918
11694;6919
11664;6920
11730;6921
45462;6922
45905;6923
45584;6924
45634;6925
45438;6926
45646;6927
45639;6928
45886;6929
45664;6930
45691;6931
45556;6932
45507;6933
45442;6934
46010;6935
45454;6936
45918;6937
45436;6938
45517;6939
45738;6940
45445;6941
45613;6942
45881;6943
45605;6944
45579;6945
45500;6946
45566;6947
45617;6948
45557;6949
46239;6950
45877;6951
45509;6952
45491;6953
45490;6954
45616;6955
45488;6956
45884;6957
45515;6958
45521;6959
45595;6960
45555;6961
45823;6962
45525;6963
45440;6964
45563;6965
45887;6966
45456;6967
45922;6968
45751;6969
45472;6970
45455;6971
45747;6972
45422;6973
45444;6974
45457;6975
45449;6976
45452;6977
53096;6992
53154;6993
52967;6994